add_author,2026-05-22T23:08:58
add_book,2026-05-22T23:08:59
add_reader,2026-05-22T23:08:59
list_books,2026-05-22T23:08:59
find_book_by_id,2026-05-22T23:08:59
update_book,2026-05-22T23:08:59
borrow_book,2026-05-22T23:08:59
return_book,2026-05-22T23:08:59
report_active_loans,2026-05-22T23:08:59
add_author,2026-05-22T23:19:59
add_book,2026-05-22T23:20:00
add_reader,2026-05-22T23:20:00
list_books,2026-05-22T23:20:00
find_book_by_id,2026-05-22T23:20:00
add_author,2026-05-22T23:21:19
add_book,2026-05-22T23:21:19
add_reader,2026-05-22T23:21:20
list_books,2026-05-22T23:21:20
find_book_by_id,2026-05-22T23:21:20
update_book,2026-05-22T23:21:20
borrow_book,2026-05-22T23:21:20
return_book,2026-05-22T23:21:20
report_active_loans,2026-05-22T23:21:20
add_author,2026-05-22T23:22:19
add_book,2026-05-22T23:22:19
add_reader,2026-05-22T23:22:19
list_books,2026-05-22T23:22:19
find_book_by_id,2026-05-22T23:22:19
update_book,2026-05-22T23:22:19
borrow_book,2026-05-22T23:22:19
return_book,2026-05-22T23:22:19
report_active_loans,2026-05-22T23:22:19
delete_reader,2026-05-22T23:22:20
add_author,2026-05-22T23:23:04
add_book,2026-05-22T23:23:04
add_reader,2026-05-22T23:23:04
list_books,2026-05-22T23:23:04
find_book_by_id,2026-05-22T23:23:04
update_book,2026-05-22T23:23:04
borrow_book,2026-05-22T23:23:04
return_book,2026-05-22T23:23:04
report_active_loans,2026-05-22T23:23:04
delete_reader,2026-05-22T23:23:05
