creare_cont_utilizator,2026-05-31T18:17:27
login_utilizator,2026-05-31T18:17:27
adaugare_curs,2026-05-31T18:17:27
afisare_cursuri,2026-05-31T18:17:27
cautare_curs_titlu,2026-05-31T18:17:27
adaugare_lectie,2026-05-31T18:17:27
adaugare_quiz,2026-05-31T18:17:27
rezolvare_quiz,2026-05-31T18:17:27
generare_certificat,2026-05-31T18:17:27
cursuri_student,2026-05-31T18:17:27
studenti_la_curs,2026-05-31T18:17:27
creare_cont_utilizator,2026-05-31T18:19:43
login_utilizator,2026-05-31T18:19:43
adaugare_curs,2026-05-31T18:19:43
afisare_cursuri,2026-05-31T18:19:43
cautare_curs_titlu,2026-05-31T18:19:43
adaugare_lectie,2026-05-31T18:19:43
adaugare_quiz,2026-05-31T18:19:43
rezolvare_quiz,2026-05-31T18:19:43
generare_certificat,2026-05-31T18:19:43
cursuri_student,2026-05-31T18:19:43
studenti_la_curs,2026-05-31T18:19:43
creare_cont_utilizator,2026-05-31T18:21:28
login_utilizator,2026-05-31T18:21:28
adaugare_curs,2026-05-31T18:21:28
afisare_cursuri,2026-05-31T18:21:28
cautare_curs_titlu,2026-05-31T18:21:28
adaugare_lectie,2026-05-31T18:21:28
adaugare_quiz,2026-05-31T18:21:28
rezolvare_quiz,2026-05-31T18:21:28
generare_certificat,2026-05-31T18:21:28
cursuri_student,2026-05-31T18:21:28
studenti_la_curs,2026-05-31T18:21:28
creare_cont_utilizator,2026-06-01T21:17:41
login_utilizator,2026-06-01T21:17:41
adaugare_curs,2026-06-01T21:17:41
afisare_cursuri,2026-06-01T21:17:41
cautare_curs_titlu,2026-06-01T21:17:41
adaugare_lectie,2026-06-01T21:17:42
adaugare_quiz,2026-06-01T21:17:42
rezolvare_quiz,2026-06-01T21:17:42
generare_certificat,2026-06-01T21:17:42
cursuri_student,2026-06-01T21:17:42
studenti_la_curs,2026-06-01T21:17:42
